id,first_name,last_name,email,company,role,industry,provider,status,last_contacted_day
P001,Agent,1,agent1@ogenies.com,,,,SendGrid,active,999
P002,Agent,2,agent2@ogenies.com,,,,SendGrid,active,999
P003,Agent,3,agent3@ogenies.com,,,,SendGrid,active,999
P004,Agent,4,agent4@ogenies.com,,,,SendGrid,active,999
P005,Agent,5,agent5@ogenies.com,,,,SendGrid,active,999
P006,Agent,6,agent6@ogenies.com,,,,SendGrid,active,999
P007,Agent,7,agent7@ogenies.com,,,,SendGrid,active,999
P008,Agent,8,agent8@ogenies.com,,,,SendGrid,active,999
P009,Agent,9,agent9@ogenies.com,,,,SendGrid,active,999
P010,Agent,10,agent10@ogenies.com,,,,SendGrid,active,999
P011,Agent,11,agent11@ogenies.com,,,,SendGrid,active,999
P012,Agent,12,agent12@ogenies.com,,,,SendGrid,active,999
P013,Agent,13,agent13@ogenies.com,,,,SendGrid,active,999
P014,Agent,14,agent14@ogenies.com,,,,SendGrid,active,999
P015,Agent,15,agent15@ogenies.com,,,,SendGrid,active,999
P016,Agent,16,agent16@ogenies.com,,,,SendGrid,active,999
P017,Agent,17,agent17@ogenies.com,,,,SendGrid,active,999
P018,Agent,18,agent18@ogenies.com,,,,SendGrid,active,999
P019,Agent,19,agent19@ogenies.com,,,,SendGrid,active,999
P020,Agent,20,agent20@ogenies.com,,,,SendGrid,active,999
P021,Agent,21,agent21@ogenies.com,,,,SendGrid,active,999
P022,Agent,22,agent22@ogenies.com,,,,SendGrid,active,999
P023,Agent,23,agent23@ogenies.com,,,,SendGrid,active,999
P024,Agent,24,agent24@ogenies.com,,,,SendGrid,active,999
P025,Agent,25,agent25@ogenies.com,,,,SendGrid,active,999
P026,Agent,26,agent26@ogenies.com,,,,SendGrid,active,999
P027,Agent,27,agent27@ogenies.com,,,,SendGrid,active,999
P028,Agent,28,agent28@ogenies.com,,,,SendGrid,active,999
P029,Agent,29,agent29@ogenies.com,,,,SendGrid,active,999
P030,Agent,30,agent30@ogenies.com,,,,SendGrid,active,999
P031,Agent,31,agent31@ogenies.com,,,,SendGrid,active,999
P032,Agent,32,agent32@ogenies.com,,,,SendGrid,active,999
P033,Agent,33,agent33@ogenies.com,,,,SendGrid,active,999
P034,Agent,34,agent34@ogenies.com,,,,SendGrid,active,999
P035,Agent,35,agent35@ogenies.com,,,,SendGrid,active,999
P036,Agent,36,agent36@ogenies.com,,,,SendGrid,active,999
P037,Agent,37,agent37@ogenies.com,,,,SendGrid,active,999
P038,Agent,38,agent38@ogenies.com,,,,SendGrid,active,999
P039,Agent,39,agent39@ogenies.com,,,,SendGrid,active,999
P040,Agent,40,agent40@ogenies.com,,,,SendGrid,active,999
P041,Agent,41,agent41@ogenies.com,,,,SendGrid,active,999
P042,Agent,42,agent42@ogenies.com,,,,SendGrid,active,999
P043,Agent,43,agent43@ogenies.com,,,,SendGrid,active,999
P044,Agent,44,agent44@ogenies.com,,,,SendGrid,active,999
P045,Agent,45,agent45@ogenies.com,,,,SendGrid,active,999
P046,Agent,46,agent46@ogenies.com,,,,SendGrid,active,999
P047,Agent,47,agent47@ogenies.com,,,,SendGrid,active,999
P048,Agent,48,agent48@ogenies.com,,,,SendGrid,active,999
P049,Agent,49,agent49@ogenies.com,,,,SendGrid,active,999
P050,Agent,50,agent50@ogenies.com,,,,SendGrid,active,999
P051,Agent,51,agent51@ogenies.com,,,,SendGrid,active,999
P052,Agent,52,agent52@ogenies.com,,,,SendGrid,active,999
P053,Agent,53,agent53@ogenies.com,,,,SendGrid,active,999
P054,Agent,54,agent54@ogenies.com,,,,SendGrid,active,999
P055,Agent,55,agent55@ogenies.com,,,,SendGrid,active,999
P056,Agent,56,agent56@ogenies.com,,,,SendGrid,active,999
P057,Agent,57,agent57@ogenies.com,,,,SendGrid,active,999
P058,Agent,58,agent58@ogenies.com,,,,SendGrid,active,999
P059,Agent,59,agent59@ogenies.com,,,,SendGrid,active,999
P060,Agent,60,agent60@ogenies.com,,,,SendGrid,active,999
P061,Agent,61,agent61@ogenies.com,,,,SendGrid,active,999
P062,Agent,62,agent62@ogenies.com,,,,SendGrid,active,999
P063,Agent,63,agent63@ogenies.com,,,,SendGrid,active,999
P064,Agent,64,agent64@ogenies.com,,,,SendGrid,active,999
P065,Agent,65,agent65@ogenies.com,,,,SendGrid,active,999
P066,Agent,66,agent66@ogenies.com,,,,SendGrid,active,999
P067,Agent,67,agent67@ogenies.com,,,,SendGrid,active,999
P068,Agent,68,agent68@ogenies.com,,,,SendGrid,active,999
P069,Agent,69,agent69@ogenies.com,,,,SendGrid,active,999
P070,Agent,70,agent70@ogenies.com,,,,SendGrid,active,999
P071,Agent,71,agent71@ogenies.com,,,,SendGrid,active,999
P072,Agent,72,agent72@ogenies.com,,,,SendGrid,active,999
P073,Agent,73,agent73@ogenies.com,,,,SendGrid,active,999
P074,Agent,74,agent74@ogenies.com,,,,SendGrid,active,999
P075,Agent,75,agent75@ogenies.com,,,,SendGrid,active,999
P076,Agent,76,agent76@ogenies.com,,,,SendGrid,active,999
P077,Agent,77,agent77@ogenies.com,,,,SendGrid,active,999
P078,Agent,78,agent78@ogenies.com,,,,SendGrid,active,999
P079,Agent,79,agent79@ogenies.com,,,,SendGrid,active,999
P080,Agent,80,agent80@ogenies.com,,,,SendGrid,active,999
P081,Agent,81,agent81@ogenies.com,,,,SendGrid,active,999
P082,Agent,82,agent82@ogenies.com,,,,SendGrid,active,999
P083,Agent,83,agent83@ogenies.com,,,,SendGrid,active,999
P084,Agent,84,agent84@ogenies.com,,,,SendGrid,active,999
P085,Agent,85,agent85@ogenies.com,,,,SendGrid,active,999
P086,Agent,86,agent86@ogenies.com,,,,SendGrid,active,999
P087,Agent,87,agent87@ogenies.com,,,,SendGrid,active,999
P088,Agent,88,agent88@ogenies.com,,,,SendGrid,active,999
P089,Agent,89,agent89@ogenies.com,,,,SendGrid,active,999
P090,Agent,90,agent90@ogenies.com,,,,SendGrid,active,999
P091,Agent,91,agent91@ogenies.com,,,,SendGrid,active,999
P092,Agent,92,agent92@ogenies.com,,,,SendGrid,active,999
P093,Agent,93,agent93@ogenies.com,,,,SendGrid,active,999
P094,Agent,94,agent94@ogenies.com,,,,SendGrid,active,999
P095,Agent,95,agent95@ogenies.com,,,,SendGrid,active,999
P096,Agent,96,agent96@ogenies.com,,,,SendGrid,active,999
P097,Agent,97,agent97@ogenies.com,,,,SendGrid,active,999
P098,Agent,98,agent98@ogenies.com,,,,SendGrid,active,999
P099,Agent,99,agent99@ogenies.com,,,,SendGrid,active,999
P100,Agent,100,agent100@ogenies.com,,,,SendGrid,active,999
